{
  "x_obs_best": [
    0.3494751373924121,
    2.6243734614764405
  ],
  "y_obs_best": -999.5413388822478,
  "X_shape": [
    58,
    2
  ],
  "y_shape": [
    58
  ]
}